[
  {
    "id": 1,
    "priority": 1,
    "action": {
      "type": "block"
    },
    "condition": {
      "urlFilter": "gcaptcha4-hrc.gsensebot.com",
      "resourceTypes": ["xmlhttprequest", "script", "image", "stylesheet", "other"]
    }
  },
  {
    "id": 2,
    "priority": 1,
    "action": {
      "type": "block"
    },
    "condition": {
      "urlFilter": "gcaptcha4-hrc.geetest.com",
      "resourceTypes": ["xmlhttprequest", "script", "image", "stylesheet", "other"]
    }
  }
]
